num_measurements,num_modules,lda1,lda2,sparsity,gene_set_size,avg_best_score
10,10,1.0,0.1,0.01,1000,0.4239502738353666
10,10,1.0,0.1,0.030000000000000006,1000,0.42658173535587796
10,10,1.0,0.1,0.030000000000000006,500,0.33570701758584665
10,10,1.0,0.1,0.020000000000000004,1000,0.3253729740666075
10,10,1.0,0.1,0.04000000000000001,500,0.33955902580010083
10,10,1.0,0.1,0.020000000000000004,500,0.31647695335846615
10,10,1.0,0.1,0.04000000000000001,1000,0.384042997202779
10,10,1.0,0.1,0.01,500,0.2951631212328928
10,10,1.0,0.1,0.030000000000000006,5000,0.46695292260391225
10,10,1.0,0.1,0.01,5000,0.4541537227674074
10,10,1.0,0.1,0.020000000000000004,5000,0.45393078390301095
10,10,1.0,0.1,0.05000000000000001,500,0.34520510923182923
10,10,1.0,0.1,0.05000000000000001,1000,0.4067930344092717
10,10,1.0,0.1,0.04000000000000001,5000,0.4618222683391776
10,10,1.0,0.1,0.05000000000000001,5000,0.4765075429367135
10,10,1.0,0.1,0.06000000000000001,500,0.33759298050690106
10,10,1.0,0.1,0.06000000000000001,1000,0.4417454622529996
10,10,1.0,0.1,0.07,500,0.34346564386163847
10,10,1.0,0.1,0.07,1000,0.42447618112005825
10,10,1.0,0.1,0.08,500,0.3366100612968642
10,10,1.0,0.1,0.08,1000,0.40954973384824067
10,10,1.0,0.1,0.06000000000000001,5000,0.4832314336144342
10,10,1.0,0.1,0.1,500,0.3230076387292985
10,10,1.0,0.1,0.1,1000,0.3747467898573732
10,10,1.0,0.1,0.09000000000000001,500,0.33362631984364766
10,10,1.0,0.1,0.07,5000,0.4856213609778499
10,10,1.0,0.1,0.08,5000,0.47857277916823193
10,10,1.0,0.3111111111111111,0.01,1000,0.43088773393741686
10,10,1.0,0.3111111111111111,0.01,500,0.3249443659135035
10,10,1.0,0.1,0.09000000000000001,1000,0.43126853871273074
10,10,1.0,0.3111111111111111,0.020000000000000004,1000,0.424420259293523
10,10,1.0,0.3111111111111111,0.020000000000000004,500,0.38359089148424724
10,10,1.0,0.1,0.09000000000000001,5000,0.48321215762358855
10,10,1.0,0.3111111111111111,0.030000000000000006,500,0.3688597107098778
10,10,1.0,0.3111111111111111,0.030000000000000006,1000,0.5040113340652886
10,10,1.0,0.1,0.1,5000,0.48044041861136044
10,10,1.0,0.3111111111111111,0.01,5000,0.5059842699666252
10,10,1.0,0.3111111111111111,0.04000000000000001,500,0.37828930830855845
10,10,1.0,0.3111111111111111,0.020000000000000004,5000,0.5036680057089417
10,10,1.0,0.3111111111111111,0.030000000000000006,5000,0.4951122653805732
10,10,1.0,0.3111111111111111,0.04000000000000001,1000,0.4263853357519956
10,10,1.0,0.3111111111111111,0.05000000000000001,500,0.39182865163234626
10,10,1.0,0.3111111111111111,0.05000000000000001,1000,0.48449456064890245
10,10,1.0,0.3111111111111111,0.06000000000000001,500,0.3871507166993515
10,10,1.0,0.3111111111111111,0.06000000000000001,1000,0.4827766329852234
10,10,1.0,0.3111111111111111,0.07,1000,0.4602510133247838
10,10,1.0,0.3111111111111111,0.09000000000000001,500,0.3752267068113724
10,10,1.0,0.3111111111111111,0.08,500,0.3685363534052461
10,10,1.0,0.3111111111111111,0.08,1000,0.44376687898472367
10,10,1.0,0.3111111111111111,0.04000000000000001,5000,0.5112799751345132
10,10,1.0,0.3111111111111111,0.05000000000000001,5000,0.5063032720365308
10,10,1.0,0.3111111111111111,0.06000000000000001,5000,0.5024230046929292
10,10,1.0,0.3111111111111111,0.09000000000000001,1000,0.3998893406916406
10,10,1.0,0.3111111111111111,0.1,500,0.37861384355599326
10,10,1.0,0.3111111111111111,0.1,1000,0.5025902827717699
10,10,1.0,0.3111111111111111,0.08,5000,0.4943895707121331
10,10,1.0,0.3111111111111111,0.07,5000,0.5157304551645077
10,10,1.0,0.3111111111111111,0.07,500,0.3787654961480499
10,10,1.0,0.5222222222222223,0.01,500,0.3599788360432993
10,10,1.0,0.5222222222222223,0.01,1000,0.48767889170013656
10,10,1.0,0.3111111111111111,0.09000000000000001,5000,0.5036791195237414
10,10,1.0,0.3111111111111111,0.1,5000,0.5332948606295385
10,10,1.0,0.5222222222222223,0.020000000000000004,500,0.4079156898438766
10,10,1.0,0.5222222222222223,0.020000000000000004,1000,0.48639880102401156
10,10,1.0,0.5222222222222223,0.04000000000000001,1000,0.49158773689225643
10,10,1.0,0.5222222222222223,0.030000000000000006,500,0.42870986385817417
10,10,1.0,0.5222222222222223,0.01,5000,0.5463906900357902
10,10,1.0,0.5222222222222223,0.05000000000000001,500,0.41159737164793864
10,10,1.0,0.5222222222222223,0.07,500,0.37927647966302125
10,10,1.0,0.5222222222222223,0.04000000000000001,500,0.4022032959247738
10,10,1.0,0.5222222222222223,0.030000000000000006,1000,0.5057477153999445
10,10,1.0,0.5222222222222223,0.030000000000000006,5000,0.5600715308644444
10,10,1.0,0.5222222222222223,0.07,1000,0.48633653509635544
10,10,1.0,0.5222222222222223,0.020000000000000004,5000,0.5511604717709112
10,10,1.0,0.5222222222222223,0.06000000000000001,1000,0.5520302647201392
10,10,1.0,0.5222222222222223,0.05000000000000001,1000,0.5064067783641863
10,10,1.0,0.5222222222222223,0.04000000000000001,5000,0.5559328801395638
10,10,1.0,0.5222222222222223,0.06000000000000001,5000,0.5675977090408532
10,10,1.0,0.5222222222222223,0.06000000000000001,500,0.4311941760046844
10,10,1.0,0.5222222222222223,0.05000000000000001,5000,0.5577578547596248
10,10,1.0,0.5222222222222223,0.08,500,0.42836188697738037
10,10,1.0,0.5222222222222223,0.07,5000,0.5777112548104989
10,10,1.0,0.5222222222222223,0.08,1000,0.46265439713420103
10,10,1.0,0.5222222222222223,0.09000000000000001,500,0.4141677994121098
10,10,1.0,0.5222222222222223,0.09000000000000001,1000,0.4425534290372597
10,10,1.0,0.5222222222222223,0.1,500,0.41938714082409795
10,10,1.0,0.7333333333333333,0.01,1000,0.49984453469721046
10,10,1.0,0.7333333333333333,0.01,500,0.38807461384570197
10,10,1.0,0.5222222222222223,0.1,1000,0.3681642553676484
10,10,1.0,0.7333333333333333,0.020000000000000004,1000,0.5406915248274959
10,10,1.0,0.7333333333333333,0.030000000000000006,500,0.4435205863228542
10,10,1.0,0.7333333333333333,0.01,5000,0.5497782075896119
10,10,1.0,0.7333333333333333,0.020000000000000004,500,0.4015475620497039
10,10,1.0,0.5222222222222223,0.09000000000000001,5000,0.5709547206066364
10,10,1.0,0.5222222222222223,0.1,5000,0.5812995628903649
10,10,1.0,0.5222222222222223,0.08,5000,0.5594145662252303
10,10,1.0,0.7333333333333333,0.020000000000000004,5000,0.5803125905792712
10,10,1.0,0.7333333333333333,0.04000000000000001,1000,0.49295415611630344
10,10,1.0,0.7333333333333333,0.04000000000000001,500,0.4410719916173445
10,10,1.0,0.7333333333333333,0.030000000000000006,1000,0.49054826093755494
10,10,1.0,0.7333333333333333,0.030000000000000006,5000,0.5885099089177009
10,10,1.0,0.7333333333333333,0.04000000000000001,5000,0.5910060777421086
10,10,1.0,0.7333333333333333,0.05000000000000001,500,0.4429482823656256
10,10,1.0,0.7333333333333333,0.06000000000000001,500,0.41996199787743577
10,10,1.0,0.7333333333333333,0.05000000000000001,1000,0.5081764542571257
10,10,1.0,0.7333333333333333,0.06000000000000001,1000,0.5392856084626474
10,10,1.0,0.7333333333333333,0.07,500,0.4407999096074341
10,10,1.0,0.7333333333333333,0.07,1000,0.5486897325735126
10,10,1.0,0.7333333333333333,0.05000000000000001,5000,0.5880248339163883
10,10,1.0,0.7333333333333333,0.08,500,0.44473534015742955
10,10,1.0,0.7333333333333333,0.07,5000,0.5978009383130882
10,10,1.0,0.7333333333333333,0.06000000000000001,5000,0.5888054858319549
10,10,1.0,0.7333333333333333,0.09000000000000001,500,0.4192822534523587
10,10,1.0,0.7333333333333333,0.09000000000000001,1000,0.48485487215634615
10,10,1.0,0.7333333333333333,0.08,1000,0.5060568563800809
10,10,1.0,0.9444444444444444,0.030000000000000006,500,0.4273580355552632
10,10,1.0,0.9444444444444444,0.01,500,0.41387647962595847
10,10,1.0,0.7333333333333333,0.08,5000,0.6043581045235333
10,10,1.0,0.7333333333333333,0.1,1000,0.5040109232496364
10,10,1.0,0.9444444444444444,0.020000000000000004,1000,0.46613162532809155
10,10,1.0,0.9444444444444444,0.01,1000,0.4515000414427515
10,10,1.0,0.7333333333333333,0.1,500,0.4379595297558401
10,10,1.0,0.7333333333333333,0.1,5000,0.603340331095821
10,10,1.0,0.7333333333333333,0.09000000000000001,5000,0.5935859680949814
10,10,1.0,0.9444444444444444,0.020000000000000004,500,0.4343096463870634
10,10,1.0,0.9444444444444444,0.04000000000000001,500,0.4530399598736268
10,10,1.0,0.9444444444444444,0.030000000000000006,1000,0.5300891141826216
10,10,1.0,0.9444444444444444,0.020000000000000004,5000,0.6005211430048084
10,10,1.0,0.9444444444444444,0.01,5000,0.566453171735471
10,10,1.0,0.9444444444444444,0.04000000000000001,1000,0.581862577433989
10,10,1.0,0.9444444444444444,0.030000000000000006,5000,0.5890565927281879
10,10,1.0,0.9444444444444444,0.05000000000000001,1000,0.5569343587289545
10,10,1.0,0.9444444444444444,0.05000000000000001,500,0.43350282098508697
10,10,1.0,0.9444444444444444,0.04000000000000001,5000,0.6080946409123814
10,10,1.0,0.9444444444444444,0.07,1000,0.5294950509945868
10,10,1.0,0.9444444444444444,0.08,500,0.45010581682401796
10,10,1.0,0.9444444444444444,0.05000000000000001,5000,0.6067956702107971
10,10,1.0,0.9444444444444444,0.07,500,0.4586489300111462
10,10,1.0,0.9444444444444444,0.09000000000000001,500,0.4425202541077275
10,10,1.0,0.9444444444444444,0.08,1000,0.5294126668338
10,10,1.0,0.9444444444444444,0.1,500,0.4489747299357571
10,10,1.0,0.9444444444444444,0.06000000000000001,500,0.4639818027689251
10,10,1.0,1.1555555555555557,0.01,500,0.4278685087527606
10,10,1.0,0.9444444444444444,0.06000000000000001,1000,0.5663738112977891
10,10,1.0,0.9444444444444444,0.1,1000,0.5337340291455621
10,10,1.0,0.9444444444444444,0.07,5000,0.6129188062213723
10,10,1.0,1.1555555555555557,0.01,1000,0.462984404739564
10,10,1.0,0.9444444444444444,0.08,5000,0.6097015654631968
10,10,1.0,0.9444444444444444,0.09000000000000001,5000,0.615195989687658
10,10,1.0,0.9444444444444444,0.06000000000000001,5000,0.6071370524634085
10,10,1.0,0.9444444444444444,0.09000000000000001,1000,0.5562542507692851
10,10,1.0,1.1555555555555557,0.020000000000000004,500,0.44875367377573594
10,10,1.0,1.1555555555555557,0.020000000000000004,1000,0.5481821532452991
10,10,1.0,1.1555555555555557,0.01,5000,0.5651041111835793
10,10,1.0,0.9444444444444444,0.1,5000,0.6087476596179007
10,10,1.0,1.1555555555555557,0.030000000000000006,500,0.46556350304489014
10,10,1.0,1.1555555555555557,0.020000000000000004,5000,0.5824649348469795
10,10,1.0,1.1555555555555557,0.04000000000000001,500,0.4688890923428861
10,10,1.0,1.1555555555555557,0.030000000000000006,5000,0.6128708764005452
10,10,1.0,1.1555555555555557,0.07,500,0.483063452284869
10,10,1.0,1.1555555555555557,0.06000000000000001,1000,0.46128419578540364
10,10,1.0,1.1555555555555557,0.030000000000000006,1000,0.4754030557429784
10,10,1.0,1.1555555555555557,0.06000000000000001,500,0.4814906357815582
10,10,1.0,1.1555555555555557,0.04000000000000001,5000,0.6182352283039696
10,10,1.0,1.1555555555555557,0.05000000000000001,500,0.4683288850202219
10,10,1.0,1.1555555555555557,0.07,1000,0.5639024597045281
10,10,1.0,1.1555555555555557,0.04000000000000001,1000,0.5571357240386636
10,10,1.0,1.1555555555555557,0.09000000000000001,500,0.4757783898220456
10,10,1.0,1.1555555555555557,0.05000000000000001,1000,0.4718874960425386
10,10,1.0,1.1555555555555557,0.09000000000000001,1000,0.579324185362353
10,10,1.0,1.1555555555555557,0.08,500,0.4758633522297986
10,10,1.0,1.1555555555555557,0.05000000000000001,5000,0.6196658847092568
10,10,1.0,1.1555555555555557,0.06000000000000001,5000,0.6160288742312647
10,10,1.0,1.1555555555555557,0.07,5000,0.6225705365894978
10,10,1.0,1.1555555555555557,0.08,5000,0.6235804465712872
10,10,1.0,1.1555555555555557,0.08,1000,0.5556414052305254
10,10,1.0,1.1555555555555557,0.1,500,0.46452314432415404
10,10,1.0,1.1555555555555557,0.1,1000,0.5054108908468102
10,10,1.0,1.1555555555555557,0.09000000000000001,5000,0.6197320357222151
10,10,1.0,1.3666666666666667,0.020000000000000004,500,0.4598273032734001
10,10,1.0,1.3666666666666667,0.01,500,0.4381114773108202
10,10,1.0,1.3666666666666667,0.01,1000,0.5522041270773016
10,10,1.0,1.3666666666666667,0.030000000000000006,500,0.4851750673305265
10,10,1.0,1.3666666666666667,0.030000000000000006,1000,0.5499521491436659
10,10,1.0,1.3666666666666667,0.01,5000,0.579674863358921
10,10,1.0,1.1555555555555557,0.1,5000,0.6232752711043716
10,10,1.0,1.3666666666666667,0.04000000000000001,1000,0.49893823281372907
10,10,1.0,1.3666666666666667,0.05000000000000001,1000,0.5462936599373046
10,10,1.0,1.3666666666666667,0.05000000000000001,500,0.4818339146438735
10,10,1.0,1.3666666666666667,0.030000000000000006,5000,0.6194546970473962
10,10,1.0,1.3666666666666667,0.020000000000000004,5000,0.6073030487687838
10,10,1.0,1.3666666666666667,0.020000000000000004,1000,0.5214651156570607
10,10,1.0,1.3666666666666667,0.04000000000000001,500,0.4603649897089814
10,10,1.0,1.3666666666666667,0.06000000000000001,1000,0.56160388930244
10,10,1.0,1.3666666666666667,0.06000000000000001,500,0.4869071783958634
10,10,1.0,1.3666666666666667,0.07,500,0.4911688716584144
10,10,1.0,1.3666666666666667,0.04000000000000001,5000,0.623600619403568
10,10,1.0,1.3666666666666667,0.05000000000000001,5000,0.6227858210293175
10,10,1.0,1.3666666666666667,0.08,1000,0.5907872531722063
10,10,1.0,1.3666666666666667,0.08,500,0.4950341272457572
10,10,1.0,1.3666666666666667,0.07,1000,0.5210047408269851
10,10,1.0,1.3666666666666667,0.06000000000000001,5000,0.627122672580278
10,10,1.0,1.3666666666666667,0.09000000000000001,1000,0.5499863327355514
10,10,1.0,1.3666666666666667,0.09000000000000001,500,0.4764392492771468
10,10,1.0,1.3666666666666667,0.08,5000,0.6282302815999624
10,10,1.0,1.3666666666666667,0.07,5000,0.6265027636006011
10,10,1.0,1.577777777777778,0.020000000000000004,500,0.44477984268408993
10,10,1.0,1.577777777777778,0.01,1000,0.47372837625184827
10,10,1.0,1.577777777777778,0.01,500,0.4284958861075824
10,10,1.0,1.3666666666666667,0.1,500,0.44783801725354966
10,10,1.0,1.3666666666666667,0.09000000000000001,5000,0.6219273943467227
10,10,1.0,1.577777777777778,0.020000000000000004,1000,0.4949766613690006
10,10,1.0,1.577777777777778,0.030000000000000006,500,0.4907453512291548
10,10,1.0,1.577777777777778,0.030000000000000006,1000,0.5517916843258736
10,10,1.0,1.577777777777778,0.01,5000,0.532979158067555
10,10,1.0,1.3666666666666667,0.1,1000,0.5380150391377084
10,10,1.0,1.3666666666666667,0.1,5000,0.6241917390671303
10,10,1.0,1.577777777777778,0.020000000000000004,5000,0.5900455411775852
10,10,1.0,1.577777777777778,0.030000000000000006,5000,0.6100353058515928
10,10,1.0,1.577777777777778,0.04000000000000001,500,0.5196028432848412
10,10,1.0,1.577777777777778,0.04000000000000001,1000,0.53981106931141
10,10,1.0,1.577777777777778,0.05000000000000001,1000,0.5441617436681648
10,10,1.0,1.577777777777778,0.05000000000000001,500,0.49827143563132614
10,10,1.0,1.577777777777778,0.07,500,0.5100490496525985
10,10,1.0,1.577777777777778,0.06000000000000001,1000,0.586380418604856
10,10,1.0,1.577777777777778,0.06000000000000001,500,0.5152661059715754
10,10,1.0,1.577777777777778,0.04000000000000001,5000,0.6186410631149679
10,10,1.0,1.577777777777778,0.07,1000,0.56682591748789
10,10,1.0,1.577777777777778,0.05000000000000001,5000,0.623973538173838
10,10,1.0,1.577777777777778,0.09000000000000001,500,0.4927849672436251
10,10,1.0,1.577777777777778,0.06000000000000001,5000,0.6297993652114848
10,10,1.0,1.577777777777778,0.1,500,0.4885028006162811
10,10,1.0,1.577777777777778,0.07,5000,0.6277659884508373
10,10,1.0,1.577777777777778,0.08,1000,0.5179125563745546
10,10,1.0,1.577777777777778,0.09000000000000001,5000,0.6265308817277668
10,10,1.0,1.577777777777778,0.08,500,0.49595367821737424
10,10,1.0,1.577777777777778,0.1,5000,0.6291330436006057
10,10,1.0,1.788888888888889,0.01,500,0.45667759939411434
10,10,1.0,1.577777777777778,0.1,1000,0.5431560887219483
10,10,1.0,1.577777777777778,0.09000000000000001,1000,0.5064756034177957
10,10,1.0,1.788888888888889,0.01,1000,0.512457667815151
10,10,1.0,1.577777777777778,0.08,5000,0.6282191907242097
10,10,1.0,1.788888888888889,0.01,5000,0.5639400298837378
10,10,1.0,1.788888888888889,0.020000000000000004,1000,0.5429344949850685
10,10,1.0,1.788888888888889,0.04000000000000001,500,0.5107825988351796
10,10,1.0,1.788888888888889,0.06000000000000001,500,0.5072278204896509
10,10,1.0,1.788888888888889,0.020000000000000004,500,0.5066064835236608
10,10,1.0,1.788888888888889,0.030000000000000006,1000,0.6223148442000774
10,10,1.0,1.788888888888889,0.05000000000000001,1000,0.5960260788415646
10,10,1.0,1.788888888888889,0.04000000000000001,1000,0.5850216106253322
10,10,1.0,1.788888888888889,0.020000000000000004,5000,0.6091867638840455
10,10,1.0,1.788888888888889,0.04000000000000001,5000,0.6116505300348118
10,10,1.0,1.788888888888889,0.05000000000000001,5000,0.6271726943996476
10,10,1.0,1.788888888888889,0.06000000000000001,1000,0.5810565778266102
10,10,1.0,1.788888888888889,0.030000000000000006,5000,0.6221846253155976
10,10,1.0,1.788888888888889,0.07,500,0.4878759211200676
10,10,1.0,1.788888888888889,0.030000000000000006,500,0.5032258287221152
10,10,1.0,1.788888888888889,0.05000000000000001,500,0.5015341586437672
10,10,1.0,1.788888888888889,0.07,1000,0.59981142506903
10,10,1.0,1.788888888888889,0.08,500,0.47969031029884024
10,10,1.0,1.788888888888889,0.08,1000,0.5836418579804462
10,10,1.0,1.788888888888889,0.07,5000,0.6025150421670745
10,10,1.0,1.788888888888889,0.06000000000000001,5000,0.6220125882720957
10,10,1.0,1.788888888888889,0.09000000000000001,500,0.48661049812904744
10,10,1.0,1.788888888888889,0.1,500,0.4877800164722953
10,10,1.0,1.788888888888889,0.09000000000000001,1000,0.5559267514687731
10,10,1.0,1.788888888888889,0.1,1000,0.5132159439558015
10,10,1.0,1.788888888888889,0.08,5000,0.6250256939860537
10,10,1.0,2.0,0.01,1000,0.5116199554900588
10,10,1.0,1.788888888888889,0.09000000000000001,5000,0.626710480870096
10,10,1.0,2.0,0.020000000000000004,1000,0.5384699466947203
10,10,1.0,2.0,0.01,500,0.4902046472888551
10,10,1.0,2.0,0.020000000000000004,500,0.49335457370823477
10,10,1.0,1.788888888888889,0.1,5000,0.6267034492867539
10,10,1.0,2.0,0.030000000000000006,500,0.5154703191348211
10,10,1.0,2.0,0.04000000000000001,500,0.5359401787649261
10,10,1.0,2.0,0.020000000000000004,5000,0.5945525034403095
10,10,1.0,2.0,0.030000000000000006,1000,0.6160197714423704
10,10,1.0,2.0,0.01,5000,0.5837557129166211
10,10,1.0,2.0,0.05000000000000001,500,0.5346000462717201
10,10,1.0,2.0,0.04000000000000001,1000,0.5908587643767877
10,10,1.0,2.0,0.030000000000000006,5000,0.6203283057108804
10,10,1.0,2.0,0.05000000000000001,1000,0.5785841948385337
10,10,1.0,2.0,0.04000000000000001,5000,0.608271487832587
10,10,1.0,2.0,0.06000000000000001,500,0.5241209685159605
10,10,1.0,2.0,0.06000000000000001,1000,0.5687320396230552
10,10,1.0,2.0,0.07,1000,0.563483169693265
10,10,1.0,2.0,0.05000000000000001,5000,0.6315943287899384
10,10,1.0,2.0,0.08,500,0.526840226793656
10,10,1.0,2.0,0.06000000000000001,5000,0.6328800758251347
10,10,1.0,2.0,0.07,5000,0.6334942488955531
10,10,1.0,2.0,0.07,500,0.5318743417149883
10,10,1.0,2.0,0.09000000000000001,1000,0.5146560899958696
10,10,1.0,2.0,0.1,500,0.5278283086371911
10,10,1.0,2.0,0.09000000000000001,500,0.5296808835312395
10,10,1.0,2.0,0.08,1000,0.6172982754590096
10,10,1.0,2.0,0.08,5000,0.6345912044610731
10,10,3.111111111111111,0.1,0.01,500,0.3095252742466646
10,10,3.111111111111111,0.1,0.01,1000,0.38774998195170113
10,10,1.0,2.0,0.1,1000,0.5712400814362346
10,10,1.0,2.0,0.09000000000000001,5000,0.6266297568701559
10,10,1.0,2.0,0.1,5000,0.6336751141358714
10,10,3.111111111111111,0.1,0.020000000000000004,1000,0.42581188218158783
10,10,3.111111111111111,0.1,0.030000000000000006,1000,0.3771621598241694
10,10,3.111111111111111,0.1,0.030000000000000006,500,0.33714093783140775
10,10,3.111111111111111,0.1,0.020000000000000004,5000,0.4609219728655143
10,10,3.111111111111111,0.1,0.020000000000000004,500,0.31750393932226595
10,10,3.111111111111111,0.1,0.05000000000000001,500,0.33636161292766414
10,10,3.111111111111111,0.1,0.01,5000,0.46526341464789284
10,10,3.111111111111111,0.1,0.08,500,0.3221650979724951
10,10,3.111111111111111,0.1,0.05000000000000001,1000,0.44555787072054776
10,10,3.111111111111111,0.1,0.04000000000000001,5000,0.466027113759087
10,10,3.111111111111111,0.1,0.06000000000000001,5000,0.48013578195698453
10,10,3.111111111111111,0.1,0.04000000000000001,500,0.33761492613577776
10,10,3.111111111111111,0.1,0.07,500,0.32665830968867005
10,10,3.111111111111111,0.1,0.06000000000000001,500,0.33239709250418537
10,10,3.111111111111111,0.1,0.06000000000000001,1000,0.4224362659435462
10,10,3.111111111111111,0.1,0.08,1000,0.37439516873743967
10,10,3.111111111111111,0.1,0.07,1000,0.41366408753538586
10,10,3.111111111111111,0.1,0.030000000000000006,5000,0.45594704412006043
10,10,3.111111111111111,0.1,0.09000000000000001,500,0.3294741547403271
10,10,3.111111111111111,0.1,0.09000000000000001,1000,0.37120363485708247
10,10,3.111111111111111,0.1,0.1,500,0.3210237080803303
10,10,3.111111111111111,0.1,0.08,5000,0.4762387016295486
10,10,3.111111111111111,0.1,0.09000000000000001,5000,0.479541036463627
10,10,3.111111111111111,0.1,0.05000000000000001,5000,0.47739121887187314
10,10,3.111111111111111,0.1,0.07,5000,0.47626686526181966
10,10,3.111111111111111,0.1,0.1,5000,0.4857435015279517
10,10,5.222222222222222,0.1,0.04000000000000001,500,0.3307256054523828
10,10,5.222222222222222,0.1,0.030000000000000006,5000,0.45058480047224336
10,10,5.222222222222222,0.1,0.05000000000000001,500,0.3423549378262706
10,10,5.222222222222222,0.1,0.020000000000000004,500,0.3269058446811299
10,10,5.222222222222222,0.1,0.07,500,0.32799372585123027
10,10,5.222222222222222,0.1,0.09000000000000001,1000,0.3726901389268501
10,10,5.222222222222222,0.1,0.030000000000000006,500,0.3562395527006773
10,10,5.222222222222222,0.1,0.1,500,0.3075665353660656
10,10,5.222222222222222,0.1,0.06000000000000001,1000,0.3982281818409242
10,10,5.222222222222222,0.1,0.08,5000,0.46395758606859056
10,10,5.222222222222222,0.1,0.04000000000000001,5000,0.4615468679931863
10,10,5.222222222222222,0.1,0.01,5000,0.45285548511095614
10,10,5.222222222222222,0.1,0.020000000000000004,5000,0.45236272709165365
10,10,5.222222222222222,0.1,0.09000000000000001,500,0.3031752272151589
10,10,5.222222222222222,0.1,0.01,1000,0.3985775136093769
10,10,5.222222222222222,0.1,0.01,500,0.3294439607123986
10,10,5.222222222222222,0.1,0.09000000000000001,5000,0.4745310016691467
10,10,5.222222222222222,0.1,0.07,5000,0.46527703641134216
10,10,5.222222222222222,0.1,0.08,500,0.3220153668704655
10,10,5.222222222222222,0.1,0.1,5000,0.46990434850569934
10,10,5.222222222222222,0.1,0.06000000000000001,5000,0.46890340384622525
10,10,5.222222222222222,0.1,0.05000000000000001,5000,0.46006713670253785
10,10,5.222222222222222,0.1,0.08,1000,0.36905823020890843
10,10,7.333333333333334,0.1,0.020000000000000004,1000,0.3516242204344501
10,10,7.333333333333334,0.1,0.01,5000,0.44077661959563263
10,10,7.333333333333334,0.1,0.020000000000000004,5000,0.4446975155868949
10,10,7.333333333333334,0.1,0.01,500,0.30467432738271616
10,10,7.333333333333334,0.1,0.020000000000000004,500,0.3359495138064478
10,10,7.333333333333334,0.1,0.06000000000000001,500,0.3189454530623123
10,10,7.333333333333334,0.1,0.08,5000,0.4676948855015425
10,10,7.333333333333334,0.1,0.08,500,0.3326614399649624
10,10,7.333333333333334,0.1,0.030000000000000006,500,0.3527600332617126
10,10,7.333333333333334,0.1,0.08,1000,0.42466275629350364
10,10,7.333333333333334,0.1,0.06000000000000001,5000,0.45149916711897087
10,10,7.333333333333334,0.1,0.030000000000000006,5000,0.449680710447966
10,10,7.333333333333334,0.1,0.07,500,0.3412296270030402
10,10,7.333333333333334,0.1,0.07,5000,0.4748925753140821
10,10,7.333333333333334,0.1,0.09000000000000001,5000,0.47279590547641187
10,10,7.333333333333334,0.1,0.05000000000000001,500,0.3262247405505686
10,10,7.333333333333334,0.1,0.1,500,0.32082934181971157
10,10,7.333333333333334,0.1,0.04000000000000001,5000,0.4434920560413671
10,10,7.333333333333334,0.1,0.06000000000000001,1000,0.4333169378053917
10,10,7.333333333333334,0.1,0.04000000000000001,500,0.3151877050812525
10,10,7.333333333333334,0.1,0.05000000000000001,5000,0.45497197544519574
10,10,7.333333333333334,0.1,0.1,5000,0.4680911186706297
10,10,7.333333333333334,0.1,0.09000000000000001,500,0.32511177325007484
10,10,7.333333333333334,0.1,0.1,1000,0.34919402045863324
10,10,9.444444444444445,0.1,0.01,500,0.3183888208779693
10,10,9.444444444444445,0.1,0.01,5000,0.43932526348071316
10,10,9.444444444444445,0.1,0.030000000000000006,500,0.34726737704309474
10,10,9.444444444444445,0.1,0.020000000000000004,5000,0.4342213847803249
10,10,9.444444444444445,0.1,0.020000000000000004,500,0.34160561603655304
10,10,9.444444444444445,0.1,0.07,5000,0.43905501897510907
10,10,9.444444444444445,0.1,0.1,1000,0.3643945211716512
10,10,9.444444444444445,0.1,0.04000000000000001,5000,0.44822824522846416
10,10,9.444444444444445,0.1,0.09000000000000001,500,0.3157969315181026
10,10,9.444444444444445,0.1,0.030000000000000006,1000,0.37519636764965336
10,10,9.444444444444445,0.1,0.05000000000000001,500,0.32827364976470025
10,10,9.444444444444445,0.1,0.08,5000,0.46853736880435737
10,10,9.444444444444445,0.1,0.06000000000000001,1000,0.39239131007208644
10,10,9.444444444444445,0.1,0.07,1000,0.4036989573293144
10,10,9.444444444444445,0.1,0.04000000000000001,500,0.33514869677267684
10,10,9.444444444444445,0.1,0.01,1000,0.40014546185890615
10,10,9.444444444444445,0.1,0.05000000000000001,5000,0.44929561709424537
10,10,9.444444444444445,0.1,0.030000000000000006,5000,0.43889803993468124
10,10,9.444444444444445,0.1,0.05000000000000001,1000,0.35634031890827245
10,10,9.444444444444445,0.1,0.07,500,0.3271514019491657
10,10,9.444444444444445,0.1,0.08,500,0.32793037712730994
10,10,9.444444444444445,0.1,0.1,5000,0.4722259048104324
10,10,9.444444444444445,0.1,0.1,500,0.31447580098491706
10,10,9.444444444444445,0.1,0.06000000000000001,5000,0.476306643329626
10,10,9.444444444444445,0.1,0.09000000000000001,5000,0.4752126881286601
10,10,9.444444444444445,0.1,0.06000000000000001,500,0.3314683118377529
10,10,11.555555555555555,0.1,0.06000000000000001,1000,0.3819416651551557
10,10,11.555555555555555,0.1,0.01,5000,0.4358331330645684
10,10,11.555555555555555,0.1,0.09000000000000001,5000,0.4634859895407707
10,10,11.555555555555555,0.1,0.1,5000,0.4623032674742138
10,10,11.555555555555555,0.1,0.04000000000000001,5000,0.45960410811529107
10,10,11.555555555555555,0.1,0.05000000000000001,500,0.3341448957246325
10,10,11.555555555555555,0.1,0.030000000000000006,5000,0.4526288131745583
10,10,11.555555555555555,0.1,0.06000000000000001,5000,0.4619781788277207
10,10,11.555555555555555,0.1,0.05000000000000001,5000,0.4695310150181111
10,10,11.555555555555555,0.1,0.07,500,0.3460832863374059
10,10,11.555555555555555,0.1,0.020000000000000004,500,0.3218597711492581
10,10,11.555555555555555,0.1,0.020000000000000004,5000,0.4423444392703494
10,10,11.555555555555555,0.1,0.020000000000000004,1000,0.4264917725987771
10,10,11.555555555555555,0.1,0.04000000000000001,1000,0.39523885511929
10,10,11.555555555555555,0.1,0.05000000000000001,1000,0.44221690933596597
10,10,11.555555555555555,0.1,0.07,5000,0.45651590117404395
10,10,11.555555555555555,0.1,0.08,500,0.33085337296290823
10,10,11.555555555555555,0.1,0.01,500,0.29124847484106037
10,10,11.555555555555555,0.1,0.04000000000000001,500,0.29449196511912595
10,10,11.555555555555555,0.1,0.08,5000,0.4541883548699114
10,10,11.555555555555555,0.1,0.09000000000000001,500,0.3369624934743818
10,10,11.555555555555555,0.1,0.030000000000000006,500,0.3255493153312119
10,10,11.555555555555555,0.1,0.06000000000000001,500,0.3112275373449787
10,10,11.555555555555555,0.1,0.07,1000,0.4335276339236313
10,10,11.555555555555555,0.1,0.01,1000,0.4096325661190695
10,10,11.555555555555555,0.1,0.1,500,0.3259132545233686
10,10,11.555555555555555,0.1,0.08,1000,0.4182474780199966
10,10,13.666666666666668,0.1,0.08,5000,0.44547971644158446
10,10,13.666666666666668,0.1,0.01,5000,0.4420588407019145
10,10,13.666666666666668,0.1,0.020000000000000004,5000,0.44233750960593066
10,10,13.666666666666668,0.1,0.030000000000000006,5000,0.43921274405073313
10,10,13.666666666666668,0.1,0.05000000000000001,5000,0.47040538357758593
10,10,13.666666666666668,0.1,0.04000000000000001,5000,0.47111303406830807
10,10,13.666666666666668,0.1,0.030000000000000006,500,0.34338916534113134
10,10,13.666666666666668,0.1,0.1,5000,0.4664686200619057
10,10,13.666666666666668,0.1,0.07,500,0.3301812453136771
10,10,13.666666666666668,0.1,0.1,500,0.3221253301670734
10,10,13.666666666666668,0.1,0.09000000000000001,500,0.3167140792070669
10,10,13.666666666666668,0.1,0.09000000000000001,1000,0.3941372944762053
10,10,13.666666666666668,0.1,0.020000000000000004,500,0.3083054769854604
10,10,13.666666666666668,0.1,0.08,1000,0.40510769883060493
10,10,13.666666666666668,0.1,0.06000000000000001,5000,0.4663560445009078
10,10,13.666666666666668,0.1,0.04000000000000001,500,0.32499934399415575
10,10,13.666666666666668,0.1,0.05000000000000001,500,0.3465299901255589
10,10,13.666666666666668,0.1,0.04000000000000001,1000,0.36867071792519546
10,10,13.666666666666668,0.1,0.01,500,0.2929906268606396
10,10,13.666666666666668,0.1,0.06000000000000001,500,0.3403331095370101
10,10,13.666666666666668,0.1,0.06000000000000001,1000,0.3769582988317991
10,10,13.666666666666668,0.1,0.1,1000,0.38874272931629394
10,10,13.666666666666668,0.1,0.09000000000000001,5000,0.45411612079098485
10,10,13.666666666666668,0.1,0.07,5000,0.4465308836606453
10,10,13.666666666666668,0.1,0.08,500,0.33219449981395827
10,10,15.777777777777779,0.1,0.07,5000,0.4687194158671463
10,10,15.777777777777779,0.1,0.030000000000000006,5000,0.4484045369992596
10,10,15.777777777777779,0.1,0.09000000000000001,5000,0.4638829971198917
10,10,15.777777777777779,0.1,0.01,5000,0.4390706868741961
10,10,15.777777777777779,0.1,0.04000000000000001,5000,0.4456470440488783
10,10,15.777777777777779,0.1,0.020000000000000004,500,0.3200902483075037
10,10,15.777777777777779,0.1,0.08,5000,0.4646520857285264
10,10,15.777777777777779,0.1,0.05000000000000001,5000,0.4612141924827838
10,10,15.777777777777779,0.1,0.020000000000000004,5000,0.44513274436107786
10,10,15.777777777777779,0.1,0.1,5000,0.4622285279403072
10,10,15.777777777777779,0.1,0.030000000000000006,500,0.3398257840452229
10,10,15.777777777777779,0.1,0.04000000000000001,500,0.3489255380582285
10,10,15.777777777777779,0.1,0.020000000000000004,1000,0.40836359429932834
10,10,15.777777777777779,0.1,0.09000000000000001,500,0.3011758926207949
10,10,15.777777777777779,0.1,0.030000000000000006,1000,0.4121034103990223
10,10,15.777777777777779,0.1,0.07,500,0.3253847970804783
10,10,15.777777777777779,0.1,0.06000000000000001,500,0.34186434599063587
10,10,15.777777777777779,0.1,0.01,500,0.30941276488671937
10,10,15.777777777777779,0.1,0.06000000000000001,5000,0.456693850357963
10,10,15.777777777777779,0.1,0.05000000000000001,500,0.3124996522765021
10,10,15.777777777777779,0.1,0.08,500,0.33171156365418675
10,10,15.777777777777779,0.1,0.1,500,0.32871188660325396
10,10,15.777777777777779,0.1,0.1,1000,0.41934787941747037
10,10,15.777777777777779,0.1,0.06000000000000001,1000,0.3704924147127706
10,10,17.88888888888889,0.1,0.01,5000,0.43154423333291925
10,10,17.88888888888889,0.1,0.07,5000,0.46854444752477287
10,10,17.88888888888889,0.1,0.04000000000000001,5000,0.45646210698187917
10,10,17.88888888888889,0.1,0.05000000000000001,5000,0.45197007150820834
10,10,17.88888888888889,0.1,0.020000000000000004,1000,0.3891122246506945
10,10,17.88888888888889,0.1,0.01,1000,0.40888048863237075
10,10,17.88888888888889,0.1,0.05000000000000001,500,0.33542211440630754
10,10,17.88888888888889,0.1,0.08,5000,0.47211476496892235
10,10,17.88888888888889,0.1,0.09000000000000001,5000,0.4623094596220139
10,10,17.88888888888889,0.1,0.020000000000000004,5000,0.4324782013231091
10,10,17.88888888888889,0.1,0.06000000000000001,1000,0.3952067309696289
10,10,17.88888888888889,0.1,0.04000000000000001,500,0.31008625497726366
10,10,17.88888888888889,0.1,0.07,1000,0.444191758886561
10,10,17.88888888888889,0.1,0.08,500,0.327654344907342
10,10,17.88888888888889,0.1,0.030000000000000006,500,0.3263569966566815
10,10,17.88888888888889,0.1,0.06000000000000001,5000,0.4620600887417424
10,10,17.88888888888889,0.1,0.01,500,0.302996524668808
10,10,17.88888888888889,0.1,0.020000000000000004,500,0.3308659542906906
10,10,17.88888888888889,0.1,0.09000000000000001,1000,0.42012783591473174
10,10,17.88888888888889,0.1,0.030000000000000006,5000,0.44255330951654537
10,10,17.88888888888889,0.1,0.07,500,0.32419319745971886
10,10,17.88888888888889,0.1,0.06000000000000001,500,0.33303574133976543
10,10,17.88888888888889,0.1,0.1,500,0.33427584048178877
10,10,17.88888888888889,0.1,0.1,5000,0.4743497881187661
10,10,17.88888888888889,0.1,0.05000000000000001,1000,0.3846078679456161
10,10,17.88888888888889,0.1,0.030000000000000006,1000,0.4504368818220271
10,10,17.88888888888889,0.1,0.09000000000000001,500,0.32236362698041
10,10,17.88888888888889,0.1,0.1,1000,0.42606798828229797
10,10,20.0,0.1,0.020000000000000004,500,0.31105195350277615
10,10,20.0,0.1,0.01,5000,0.4441263138206438
10,10,20.0,0.1,0.04000000000000001,500,0.34191361910158535
10,10,20.0,0.1,0.04000000000000001,5000,0.4534891607743516
10,10,20.0,0.1,0.030000000000000006,5000,0.44945456889333857
10,10,20.0,0.1,0.07,5000,0.45612866214294706
10,10,20.0,0.1,0.01,500,0.2644685389658676
10,10,20.0,0.1,0.01,1000,0.3350321020959752
10,10,20.0,0.1,0.020000000000000004,1000,0.4257198577034994
10,10,20.0,0.1,0.08,5000,0.4740618662153809
10,10,20.0,0.1,0.06000000000000001,5000,0.45758601179260766
10,10,20.0,0.1,0.05000000000000001,500,0.35102552742476884
10,10,20.0,0.1,0.06000000000000001,500,0.3353725345715419
10,10,20.0,0.1,0.05000000000000001,5000,0.46460588340612646
10,10,20.0,0.1,0.020000000000000004,5000,0.4536319957320404
10,10,20.0,0.1,0.030000000000000006,500,0.33851163594534917
10,10,20.0,0.1,0.030000000000000006,1000,0.3857506569405797
10,10,20.0,0.1,0.09000000000000001,500,0.3256946059412479
10,10,20.0,0.1,0.05000000000000001,1000,0.4375167910303685
10,10,20.0,0.1,0.06000000000000001,1000,0.4412500370839739
10,10,20.0,0.1,0.08,500,0.32664309282392673
10,10,20.0,0.1,0.07,500,0.33539520580156207
10,10,20.0,0.1,0.08,1000,0.3426836259057495
10,10,20.0,0.1,0.09000000000000001,1000,0.41279276162559453
10,10,20.0,0.1,0.04000000000000001,1000,0.41483935726858984
10,10,20.0,0.1,0.09000000000000001,5000,0.4653957484523583
10,10,20.0,0.1,0.07,1000,0.3693612933414341
10,10,20.0,0.1,0.1,5000,0.4609016556407341
10,10,20.0,0.1,0.1,500,0.3195137194261444
10,10,20.0,0.3111111111111111,0.01,500,0.3443944449149937
10,10,20.0,0.3111111111111111,0.07,1000,0.5043068833415995
10,10,20.0,0.1,0.1,1000,0.3603656833631593
10,10,20.0,0.3111111111111111,0.04000000000000001,500,0.37266197328000916
10,10,20.0,0.3111111111111111,0.020000000000000004,500,0.36417358957789664
10,10,20.0,0.3111111111111111,0.030000000000000006,500,0.38824130043654054
10,10,20.0,0.3111111111111111,0.030000000000000006,1000,0.46597411938602784
10,10,20.0,0.3111111111111111,0.05000000000000001,500,0.3983336583272373
10,10,20.0,0.3111111111111111,0.07,500,0.37817417369227097
10,10,20.0,0.3111111111111111,0.05000000000000001,1000,0.450499351399048
10,10,20.0,0.3111111111111111,0.01,1000,0.43775372972218546
10,10,20.0,0.3111111111111111,0.04000000000000001,1000,0.48137167650200385
10,10,20.0,0.3111111111111111,0.020000000000000004,1000,0.4500189484491798
10,10,20.0,0.3111111111111111,0.08,500,0.384097703136798
10,10,20.0,0.3111111111111111,0.04000000000000001,5000,0.5185403020989726
10,10,20.0,0.3111111111111111,0.09000000000000001,500,0.3798593514074288
10,10,20.0,0.3111111111111111,0.08,1000,0.4994098012948176
10,10,20.0,0.3111111111111111,0.01,5000,0.5056345111032841
10,10,20.0,0.3111111111111111,0.020000000000000004,5000,0.49825239243786745
10,10,20.0,0.3111111111111111,0.06000000000000001,500,0.40045759527084995
10,10,20.0,0.3111111111111111,0.06000000000000001,1000,0.40828228558962226
10,10,20.0,0.3111111111111111,0.030000000000000006,5000,0.5136747242006369
10,10,20.0,0.3111111111111111,0.1,500,0.37937682046321786
10,10,20.0,0.3111111111111111,0.06000000000000001,5000,0.5319371284853949
10,10,20.0,0.5222222222222223,0.030000000000000006,500,0.4231983125239801
10,10,20.0,0.3111111111111111,0.05000000000000001,5000,0.5196912779391317
10,10,20.0,0.5222222222222223,0.020000000000000004,1000,0.502212635927736
10,10,20.0,0.5222222222222223,0.04000000000000001,500,0.43368520145866196
10,10,20.0,0.5222222222222223,0.01,500,0.34768429878466
10,10,20.0,0.3111111111111111,0.07,5000,0.5221254698070883
10,10,20.0,0.5222222222222223,0.01,1000,0.34356632194293596
10,10,20.0,0.3111111111111111,0.08,5000,0.49111514407990986
10,10,20.0,0.5222222222222223,0.030000000000000006,1000,0.48958783413526125
10,10,20.0,0.5222222222222223,0.06000000000000001,1000,0.5401407083060484
10,10,20.0,0.3111111111111111,0.1,5000,0.5134030498647997
10,10,20.0,0.3111111111111111,0.09000000000000001,1000,0.4700235400979582
10,10,20.0,0.5222222222222223,0.07,500,0.42844420196007016
10,10,20.0,0.5222222222222223,0.01,5000,0.5544435314761319
10,10,20.0,0.5222222222222223,0.05000000000000001,500,0.41103716155003117
10,10,20.0,0.5222222222222223,0.08,500,0.4203096369972855
10,10,20.0,0.5222222222222223,0.020000000000000004,500,0.4055757769046126
10,10,20.0,0.3111111111111111,0.1,1000,0.46239421377867085
10,10,20.0,0.5222222222222223,0.04000000000000001,1000,0.4549288610366852
10,10,20.0,0.5222222222222223,0.030000000000000006,5000,0.5572284748695964
10,10,20.0,0.5222222222222223,0.05000000000000001,1000,0.49209903851952586
10,10,20.0,0.5222222222222223,0.09000000000000001,500,0.38721486013706
10,10,20.0,0.5222222222222223,0.08,1000,0.5409849993988005
10,10,20.0,0.3111111111111111,0.09000000000000001,5000,0.5235770414535986
10,10,20.0,0.5222222222222223,0.020000000000000004,5000,0.5588425517836463
10,10,20.0,0.5222222222222223,0.09000000000000001,1000,0.4564939302974683
10,10,20.0,0.5222222222222223,0.1,500,0.398839587654557
10,10,20.0,0.5222222222222223,0.1,1000,0.4703808094347971
10,10,20.0,0.7333333333333333,0.01,500,0.3689563235180503
10,10,20.0,0.5222222222222223,0.07,5000,0.5661785803662298
10,10,20.0,0.5222222222222223,0.06000000000000001,500,0.41763020798930395
10,10,20.0,0.7333333333333333,0.020000000000000004,500,0.3962038754491063
10,10,20.0,0.5222222222222223,0.04000000000000001,5000,0.569763521519336
10,10,20.0,0.7333333333333333,0.01,1000,0.47418227281851416
10,10,20.0,0.5222222222222223,0.07,1000,0.4827601315828402
10,10,20.0,0.5222222222222223,0.05000000000000001,5000,0.5591141826799118
10,10,20.0,0.5222222222222223,0.06000000000000001,5000,0.5557480593442201
10,10,20.0,0.7333333333333333,0.030000000000000006,500,0.4432378874038296
10,10,20.0,0.5222222222222223,0.09000000000000001,5000,0.5674000730683113
10,10,20.0,0.7333333333333333,0.07,500,0.40236242004437317
10,10,20.0,0.7333333333333333,0.08,500,0.426100329287827
10,10,20.0,0.7333333333333333,0.020000000000000004,1000,0.46365600213347713
10,10,20.0,0.7333333333333333,0.08,1000,0.5023498229601864
10,10,20.0,0.7333333333333333,0.06000000000000001,500,0.42554566290601714
10,10,20.0,0.5222222222222223,0.1,5000,0.5582140600604728
10,10,20.0,0.7333333333333333,0.06000000000000001,1000,0.485991749976752
10,10,20.0,0.5222222222222223,0.08,5000,0.5711066794439554
10,10,20.0,0.7333333333333333,0.04000000000000001,500,0.43797037152346635
10,10,20.0,0.7333333333333333,0.04000000000000001,1000,0.5177963499052339
10,10,20.0,0.7333333333333333,0.030000000000000006,1000,0.4762984958080073
10,10,20.0,0.7333333333333333,0.05000000000000001,1000,0.4645335207225981
10,10,20.0,0.7333333333333333,0.01,5000,0.5818839592918822
10,10,20.0,0.7333333333333333,0.05000000000000001,500,0.4357575627245097
10,10,20.0,0.7333333333333333,0.07,1000,0.4856349213268033
10,10,20.0,0.7333333333333333,0.06000000000000001,5000,0.5896904667409142
10,10,20.0,0.7333333333333333,0.030000000000000006,5000,0.5888745038755194
10,10,20.0,0.7333333333333333,0.1,1000,0.39222083621780024
10,10,20.0,0.9444444444444444,0.01,500,0.4308690476129377
10,10,20.0,0.7333333333333333,0.020000000000000004,5000,0.5852282965353288
10,10,20.0,0.7333333333333333,0.09000000000000001,500,0.43312605692185624
10,10,20.0,0.7333333333333333,0.05000000000000001,5000,0.5859682338789449
10,10,20.0,0.9444444444444444,0.01,1000,0.4960759262767026
10,10,20.0,0.7333333333333333,0.09000000000000001,1000,0.503934879346825
10,10,20.0,0.9444444444444444,0.020000000000000004,1000,0.5274766052274354
10,10,20.0,0.7333333333333333,0.1,500,0.41933958285303446
10,10,20.0,0.7333333333333333,0.09000000000000001,5000,0.584108978828619
10,10,20.0,0.7333333333333333,0.04000000000000001,5000,0.5922191527420231
10,10,20.0,0.9444444444444444,0.020000000000000004,500,0.38477396789552226
10,10,20.0,0.7333333333333333,0.07,5000,0.6024121963341456
10,10,20.0,0.9444444444444444,0.030000000000000006,500,0.4705083971558007
10,10,20.0,0.9444444444444444,0.030000000000000006,1000,0.5148844134900175
10,10,20.0,0.9444444444444444,0.06000000000000001,500,0.45959516044435056
10,10,20.0,0.9444444444444444,0.01,5000,0.5813103220215743
10,10,20.0,0.9444444444444444,0.04000000000000001,500,0.4513343377939917
10,10,20.0,0.7333333333333333,0.08,5000,0.5877275427624923
10,10,20.0,0.9444444444444444,0.05000000000000001,1000,0.5399769029633775
10,10,20.0,0.7333333333333333,0.1,5000,0.5869540569018726
10,10,20.0,0.9444444444444444,0.07,1000,0.5422862517243168
10,10,20.0,0.9444444444444444,0.04000000000000001,1000,0.542754712106918
10,10,20.0,0.9444444444444444,0.08,1000,0.5612535072656742
10,10,20.0,0.9444444444444444,0.05000000000000001,500,0.46450991699644406
10,10,20.0,0.9444444444444444,0.020000000000000004,5000,0.5842420423041068
10,10,20.0,0.9444444444444444,0.07,500,0.4360963373355423
10,10,20.0,0.9444444444444444,0.06000000000000001,1000,0.559233508850436
10,10,20.0,0.9444444444444444,0.06000000000000001,5000,0.6082459561230441
10,10,20.0,0.9444444444444444,0.030000000000000006,5000,0.596714222351965
10,10,20.0,0.9444444444444444,0.08,500,0.4541207272255826
10,10,20.0,0.9444444444444444,0.09000000000000001,500,0.46023279790477306
10,10,20.0,0.9444444444444444,0.04000000000000001,5000,0.5745545464628999
10,10,20.0,1.1555555555555557,0.01,1000,0.448001184780171
10,10,20.0,0.9444444444444444,0.05000000000000001,5000,0.6045738125948559
10,10,20.0,0.9444444444444444,0.1,500,0.44376734841722804
10,10,20.0,1.1555555555555557,0.020000000000000004,1000,0.5556460153792131
10,10,20.0,1.1555555555555557,0.01,500,0.4108613354468561
10,10,20.0,0.9444444444444444,0.09000000000000001,1000,0.520884382917308
10,10,20.0,0.9444444444444444,0.07,5000,0.6165912050668677
10,10,20.0,0.9444444444444444,0.08,5000,0.6144265756323646
10,10,20.0,0.9444444444444444,0.1,5000,0.6136431557885177
10,10,20.0,1.1555555555555557,0.05000000000000001,1000,0.5308480440052187
10,10,20.0,0.9444444444444444,0.1,1000,0.49069563546164785
10,10,20.0,1.1555555555555557,0.020000000000000004,5000,0.6035962749659285
10,10,20.0,1.1555555555555557,0.030000000000000006,500,0.4470673268009904
10,10,20.0,1.1555555555555557,0.020000000000000004,500,0.45979432025950995
10,10,20.0,1.1555555555555557,0.06000000000000001,1000,0.5755889522003721
10,10,20.0,1.1555555555555557,0.030000000000000006,1000,0.54827019355146
10,10,20.0,0.9444444444444444,0.09000000000000001,5000,0.6097359266393719
10,10,20.0,1.1555555555555557,0.01,5000,0.5536388035898715
10,10,20.0,1.1555555555555557,0.04000000000000001,500,0.46092625224459044
10,10,20.0,1.1555555555555557,0.04000000000000001,1000,0.5409720630818168
10,10,20.0,1.1555555555555557,0.08,500,0.48117045879532083
10,10,20.0,1.1555555555555557,0.05000000000000001,500,0.47209232892216396
10,10,20.0,1.1555555555555557,0.07,500,0.4688601656801798
10,10,20.0,1.1555555555555557,0.07,1000,0.5630858950946714
10,10,20.0,1.1555555555555557,0.08,1000,0.5276877716477404
10,10,20.0,1.1555555555555557,0.06000000000000001,500,0.4842450519682292
10,10,20.0,1.1555555555555557,0.1,500,0.4704416152901997
10,10,20.0,1.1555555555555557,0.09000000000000001,500,0.4679843051932832
10,10,20.0,1.1555555555555557,0.030000000000000006,5000,0.6170456435433584
10,10,20.0,1.3666666666666667,0.01,1000,0.5658079765962016
10,10,20.0,1.1555555555555557,0.09000000000000001,1000,0.515952707509166
10,10,20.0,1.1555555555555557,0.04000000000000001,5000,0.6157718384226758
10,10,20.0,1.1555555555555557,0.07,5000,0.6253893351497803
10,10,20.0,1.1555555555555557,0.06000000000000001,5000,0.6216156293897097
10,10,20.0,1.1555555555555557,0.05000000000000001,5000,0.6207341515949769
10,10,20.0,1.3666666666666667,0.05000000000000001,500,0.4956199973626295
10,10,20.0,1.3666666666666667,0.07,500,0.467831587636309
10,10,20.0,1.3666666666666667,0.06000000000000001,500,0.5080465150819139
10,10,20.0,1.3666666666666667,0.01,500,0.40994354990958576
10,10,20.0,1.3666666666666667,0.030000000000000006,500,0.4800373392741699
10,10,20.0,1.1555555555555557,0.09000000000000001,5000,0.6203401573713867
10,10,20.0,1.3666666666666667,0.04000000000000001,1000,0.5004392900285944
10,10,20.0,1.3666666666666667,0.06000000000000001,1000,0.5135982334643063
10,10,20.0,1.1555555555555557,0.1,1000,0.5006684987176864
10,10,20.0,1.3666666666666667,0.020000000000000004,1000,0.5232654624026689
10,10,20.0,1.3666666666666667,0.030000000000000006,5000,0.6093716353793324
10,10,20.0,1.3666666666666667,0.020000000000000004,5000,0.6144778799874128
10,10,20.0,1.3666666666666667,0.030000000000000006,1000,0.4606665186664152
10,10,20.0,1.3666666666666667,0.020000000000000004,500,0.40796373297630034
10,10,20.0,1.3666666666666667,0.01,5000,0.5908896305623451
10,10,20.0,1.1555555555555557,0.08,5000,0.6262898706704068
10,10,20.0,1.1555555555555557,0.1,5000,0.6251676853935798
10,10,20.0,1.3666666666666667,0.05000000000000001,5000,0.6269428534210009
10,10,20.0,1.3666666666666667,0.04000000000000001,500,0.5014555053007357
10,10,20.0,1.3666666666666667,0.05000000000000001,1000,0.575319190912836
10,10,20.0,1.3666666666666667,0.06000000000000001,5000,0.6041177038305532
10,10,20.0,1.3666666666666667,0.09000000000000001,500,0.4808009679215277
10,10,20.0,1.3666666666666667,0.04000000000000001,5000,0.6222037717004514
10,10,20.0,1.3666666666666667,0.08,500,0.4951388484821445
10,10,20.0,1.3666666666666667,0.07,1000,0.550061132023079
10,10,20.0,1.3666666666666667,0.1,1000,0.5266016098485559
10,10,20.0,1.577777777777778,0.01,500,0.4512044736803375
10,10,20.0,1.3666666666666667,0.09000000000000001,1000,0.5290953628527044
10,10,20.0,1.577777777777778,0.020000000000000004,1000,0.5187465618498169
10,10,20.0,1.3666666666666667,0.08,1000,0.5307093919087925
10,10,20.0,1.577777777777778,0.04000000000000001,1000,0.5400006608056422
10,10,20.0,1.3666666666666667,0.07,5000,0.6251849716909822
10,10,20.0,1.577777777777778,0.05000000000000001,500,0.5020606995700385
10,10,20.0,1.577777777777778,0.030000000000000006,500,0.5000985182582627
10,10,20.0,1.3666666666666667,0.1,500,0.48468717370414416
10,10,20.0,1.577777777777778,0.01,1000,0.4786784894307464
10,10,20.0,1.3666666666666667,0.08,5000,0.6218782525702011
10,10,20.0,1.577777777777778,0.030000000000000006,1000,0.5977831840064451
10,10,20.0,1.577777777777778,0.020000000000000004,500,0.42620263655651947
10,10,20.0,1.577777777777778,0.06000000000000001,500,0.5021664078877605
10,10,20.0,1.577777777777778,0.04000000000000001,500,0.5014211096984179
10,10,20.0,1.577777777777778,0.09000000000000001,500,0.48904532794333216
10,10,20.0,1.577777777777778,0.05000000000000001,1000,0.6106203624767772
10,10,20.0,1.577777777777778,0.07,500,0.5006260667082058
10,10,20.0,1.577777777777778,0.020000000000000004,5000,0.5992080251409438
10,10,20.0,1.577777777777778,0.07,1000,0.5256269519225757
10,10,20.0,1.3666666666666667,0.1,5000,0.6257806197241246
10,10,20.0,1.3666666666666667,0.09000000000000001,5000,0.6242603282135765
10,10,20.0,1.577777777777778,0.06000000000000001,1000,0.5902561523292273
10,10,20.0,1.577777777777778,0.01,5000,0.5827287834669678
10,10,20.0,1.577777777777778,0.08,500,0.4943662710593756
10,10,20.0,1.577777777777778,0.05000000000000001,5000,0.6212717512980755
10,10,20.0,1.577777777777778,0.030000000000000006,5000,0.6183013233498189
10,10,20.0,1.577777777777778,0.04000000000000001,5000,0.6263565288868117
10,10,20.0,1.577777777777778,0.09000000000000001,1000,0.5201026942065113
10,10,20.0,1.788888888888889,0.01,500,0.37559185330616907
10,10,20.0,1.577777777777778,0.08,5000,0.6274018261588403
10,10,20.0,1.577777777777778,0.08,1000,0.46322174013149614
10,10,20.0,1.788888888888889,0.020000000000000004,1000,0.5152642865945622
10,10,20.0,1.577777777777778,0.06000000000000001,5000,0.6239826950075994
10,10,20.0,1.577777777777778,0.1,500,0.44712885671858393
10,10,20.0,1.577777777777778,0.07,5000,0.62364688647591
10,10,20.0,1.577777777777778,0.1,1000,0.5255157341827787
10,10,20.0,1.788888888888889,0.020000000000000004,500,0.5006809843563123
10,10,20.0,1.788888888888889,0.01,1000,0.5411054226094035
10,10,20.0,1.788888888888889,0.030000000000000006,500,0.5007979124907884
10,10,20.0,1.788888888888889,0.04000000000000001,500,0.4975674001399316
10,10,20.0,1.788888888888889,0.030000000000000006,1000,0.5379555061229591
10,10,20.0,1.577777777777778,0.1,5000,0.6213001397004282
10,10,20.0,1.577777777777778,0.09000000000000001,5000,0.6273565645723653
10,10,20.0,1.788888888888889,0.05000000000000001,1000,0.571918964220076
10,10,20.0,1.788888888888889,0.06000000000000001,500,0.5294525729653164
10,10,20.0,1.788888888888889,0.07,1000,0.5507992689964952
10,10,20.0,1.788888888888889,0.08,500,0.4767236938074338
10,10,20.0,1.788888888888889,0.05000000000000001,500,0.49866318738578147
10,10,20.0,1.788888888888889,0.04000000000000001,1000,0.5361074984306098
10,10,20.0,1.788888888888889,0.07,500,0.5023562853355952
10,10,20.0,1.788888888888889,0.01,5000,0.5899541628047617
10,10,20.0,1.788888888888889,0.06000000000000001,1000,0.6128368231806394
10,10,20.0,1.788888888888889,0.09000000000000001,500,0.5081184613171337
10,10,20.0,1.788888888888889,0.05000000000000001,5000,0.6276177204699169
10,10,20.0,1.788888888888889,0.08,1000,0.6186442961796468
10,10,20.0,1.788888888888889,0.06000000000000001,5000,0.628703899953471
10,10,20.0,1.788888888888889,0.030000000000000006,5000,0.6226458575345493
10,10,20.0,1.788888888888889,0.020000000000000004,5000,0.5831838630269467
10,10,20.0,2.0,0.020000000000000004,500,0.49033383705371925
10,10,20.0,2.0,0.030000000000000006,500,0.4717542722896975
10,10,20.0,1.788888888888889,0.04000000000000001,5000,0.6251198145492312
10,10,20.0,2.0,0.01,500,0.4264848813204936
10,10,20.0,2.0,0.04000000000000001,500,0.48396527652911703
10,10,20.0,1.788888888888889,0.1,1000,0.5884947189338742
10,10,20.0,2.0,0.01,1000,0.4786639979839721
10,10,20.0,1.788888888888889,0.09000000000000001,1000,0.5761210651585161
10,10,20.0,2.0,0.05000000000000001,500,0.5305527309921911
10,10,20.0,2.0,0.04000000000000001,1000,0.5435265947062071
10,10,20.0,1.788888888888889,0.07,5000,0.6285177967020503
10,10,20.0,2.0,0.020000000000000004,5000,0.6008206511084628
10,10,20.0,2.0,0.030000000000000006,1000,0.5949061604139214
10,10,20.0,1.788888888888889,0.1,500,0.5004903262899966
10,10,20.0,1.788888888888889,0.1,5000,0.6339110143008599
10,10,20.0,1.788888888888889,0.08,5000,0.6294727637305233
10,10,20.0,2.0,0.07,1000,0.5682969507188236
10,10,20.0,2.0,0.06000000000000001,1000,0.5778534042980626
10,10,20.0,2.0,0.07,500,0.5332091558424447
10,10,20.0,2.0,0.01,5000,0.5690107408222088
10,10,20.0,2.0,0.05000000000000001,1000,0.5743091527395711
10,20,1.0,0.1,0.01,500,0.38783426000821164
10,10,20.0,1.788888888888889,0.09000000000000001,5000,0.6303091588118941
10,10,20.0,2.0,0.09000000000000001,500,0.5145928762289664
10,10,20.0,2.0,0.08,1000,0.5482864870243275
10,10,20.0,2.0,0.05000000000000001,5000,0.616735364110545
10,10,20.0,2.0,0.08,500,0.5152176573179291
10,10,20.0,2.0,0.09000000000000001,1000,0.5302687838237509
10,20,1.0,0.1,0.020000000000000004,1000,0.4166354145232212
10,10,20.0,2.0,0.030000000000000006,5000,0.6246188284394403
10,20,1.0,0.1,0.01,1000,0.4591143758608549
10,20,1.0,0.1,0.04000000000000001,500,0.37796821939648767
10,20,1.0,0.1,0.030000000000000006,500,0.38520428447063687
10,20,1.0,0.1,0.020000000000000004,500,0.38732686562074886
10,10,20.0,2.0,0.1,500,0.5230924902838716
10,10,20.0,2.0,0.020000000000000004,1000,0.45607643872958087
10,20,1.0,0.1,0.030000000000000006,1000,0.4436883687315742
10,10,20.0,2.0,0.1,1000,0.5769709423698897
10,20,1.0,0.1,0.07,500,0.3499062476051219
10,20,1.0,0.1,0.06000000000000001,1000,0.39433882074607374
10,20,1.0,0.1,0.04000000000000001,5000,0.4855379892324249
10,10,20.0,2.0,0.06000000000000001,5000,0.6260783378719402
10,20,1.0,0.1,0.05000000000000001,500,0.3644597192991969
10,20,1.0,0.1,0.04000000000000001,1000,0.41948645920850636
10,10,20.0,2.0,0.08,5000,0.6342202886415513
10,20,1.0,0.1,0.08,1000,0.38146131962867813
10,20,1.0,0.1,0.07,1000,0.4019080835564105
10,20,1.0,0.1,0.08,500,0.3515987275121401
10,20,1.0,0.1,0.06000000000000001,5000,0.4838831839877459
10,10,20.0,2.0,0.06000000000000001,500,0.5254314590650597
10,20,1.0,0.1,0.07,5000,0.4874379962948391
10,20,1.0,0.1,0.05000000000000001,5000,0.4851038149916662
10,20,1.0,0.1,0.1,500,0.34062335608088173
10,10,20.0,2.0,0.07,5000,0.628046745367403
10,10,20.0,2.0,0.1,5000,0.6324153203070814
10,20,1.0,0.3111111111111111,0.020000000000000004,1000,0.5148010054815775
10,20,1.0,0.1,0.09000000000000001,1000,0.4063444453903342
10,20,1.0,0.1,0.1,1000,0.38048411966075874
10,10,20.0,2.0,0.04000000000000001,5000,0.6274920514882381
10,20,1.0,0.1,0.09000000000000001,5000,0.48914998580315006
10,20,1.0,0.1,0.020000000000000004,5000,0.46455135011468807
10,20,1.0,0.1,0.05000000000000001,1000,0.4102355979761957
10,20,1.0,0.1,0.01,5000,0.4650580037205881
10,20,1.0,0.1,0.06000000000000001,500,0.3538639222679466
10,20,1.0,0.3111111111111111,0.01,1000,0.5309950194331263
10,20,1.0,0.3111111111111111,0.030000000000000006,500,0.43973678350334033
10,20,1.0,0.1,0.030000000000000006,5000,0.4676443920056651
10,20,1.0,0.3111111111111111,0.020000000000000004,500,0.4423759420755755
10,20,1.0,0.3111111111111111,0.020000000000000004,5000,0.492065077628976
10,20,1.0,0.3111111111111111,0.01,500,0.4385308720665796
10,20,1.0,0.1,0.08,5000,0.4768104767516756
10,20,1.0,0.3111111111111111,0.04000000000000001,1000,0.503732536437365
10,20,1.0,0.1,0.09000000000000001,500,0.3425077643084155
10,20,1.0,0.3111111111111111,0.05000000000000001,500,0.40584335038155717
10,20,1.0,0.3111111111111111,0.04000000000000001,5000,0.501786045460948
10,20,1.0,0.3111111111111111,0.06000000000000001,500,0.4010197877898287
10,20,1.0,0.3111111111111111,0.05000000000000001,1000,0.49490787267503966
10,20,1.0,0.3111111111111111,0.05000000000000001,5000,0.5173720206882402
10,10,20.0,2.0,0.09000000000000001,5000,0.6322389908289022
10,20,1.0,0.3111111111111111,0.06000000000000001,1000,0.48940314340440133
10,20,1.0,0.3111111111111111,0.07,500,0.39697594078445864
10,20,1.0,0.1,0.1,5000,0.4869788455803928
10,20,1.0,0.3111111111111111,0.09000000000000001,500,0.3933548079353039
10,20,1.0,0.3111111111111111,0.01,5000,0.5018918208186147
10,20,1.0,0.3111111111111111,0.08,500,0.39243117193074356
10,20,1.0,0.3111111111111111,0.06000000000000001,5000,0.5097415720988302
10,20,1.0,0.3111111111111111,0.04000000000000001,500,0.4116851216678829
10,20,1.0,0.3111111111111111,0.030000000000000006,1000,0.5074665767840107
10,20,1.0,0.3111111111111111,0.030000000000000006,5000,0.49263625371550657
10,20,1.0,0.3111111111111111,0.07,5000,0.5190016845902663
10,20,1.0,0.5222222222222223,0.01,500,0.48099135549043226
10,20,1.0,0.5222222222222223,0.020000000000000004,500,0.4805745374025826
10,20,1.0,0.3111111111111111,0.08,5000,0.5405032490849793
10,20,1.0,0.3111111111111111,0.09000000000000001,5000,0.5387345942936295
10,20,1.0,0.3111111111111111,0.07,1000,0.4854474230272971
10,20,1.0,0.5222222222222223,0.04000000000000001,500,0.45851519617572156
10,20,1.0,0.5222222222222223,0.01,5000,0.563602826380831
10,20,1.0,0.3111111111111111,0.08,1000,0.44727890880520593
10,20,1.0,0.5222222222222223,0.04000000000000001,1000,0.5420954409642803
10,20,1.0,0.5222222222222223,0.030000000000000006,500,0.46794608989313663
10,20,1.0,0.3111111111111111,0.09000000000000001,1000,0.4952404814268728
10,20,1.0,0.5222222222222223,0.030000000000000006,5000,0.560880054456542
10,20,1.0,0.5222222222222223,0.07,1000,0.5296031088484783
10,20,1.0,0.5222222222222223,0.09000000000000001,500,0.42523809972434384
10,20,1.0,0.5222222222222223,0.020000000000000004,5000,0.5624198524043376
10,20,1.0,0.5222222222222223,0.09000000000000001,1000,0.5067712818374681
10,20,1.0,0.5222222222222223,0.01,1000,0.5632536482145996
10,20,1.0,0.3111111111111111,0.1,1000,0.4810968149901777
10,20,1.0,0.3111111111111111,0.1,5000,0.525813527692785
10,20,1.0,0.3111111111111111,0.1,500,0.38153439162582187
10,20,1.0,0.5222222222222223,0.08,500,0.44361651190585744
10,20,1.0,0.5222222222222223,0.05000000000000001,500,0.4457466560112312
10,20,1.0,0.5222222222222223,0.020000000000000004,1000,0.546013989799817
10,20,1.0,0.5222222222222223,0.09000000000000001,5000,0.5705049606605501
10,20,1.0,0.5222222222222223,0.05000000000000001,1000,0.534679534263351
10,20,1.0,0.5222222222222223,0.06000000000000001,500,0.45290503917563
10,20,1.0,0.5222222222222223,0.05000000000000001,5000,0.5762088953837253
10,20,1.0,0.5222222222222223,0.030000000000000006,1000,0.5331669454349591
10,20,1.0,0.5222222222222223,0.07,500,0.4434212978085901
10,20,1.0,0.7333333333333333,0.020000000000000004,500,0.4949037049607564
10,20,1.0,0.7333333333333333,0.01,5000,0.581499985242842
10,20,1.0,0.7333333333333333,0.04000000000000001,500,0.4881333684932308
10,20,1.0,0.7333333333333333,0.04000000000000001,1000,0.5667306121980273
10,20,1.0,0.7333333333333333,0.01,500,0.4819565260348824
10,20,1.0,0.7333333333333333,0.07,1000,0.545274655575419
10,20,1.0,0.5222222222222223,0.07,5000,0.571276752556265
10,20,1.0,0.5222222222222223,0.04000000000000001,5000,0.566600778332853
10,20,1.0,0.7333333333333333,0.030000000000000006,5000,0.5855334346323727
10,20,1.0,0.7333333333333333,0.05000000000000001,500,0.4672173367071887
10,20,1.0,0.5222222222222223,0.1,500,0.4324115738046766
10,20,1.0,0.7333333333333333,0.04000000000000001,5000,0.5985324909013698
10,20,1.0,0.5222222222222223,0.1,1000,0.5138684452186194
10,20,1.0,0.7333333333333333,0.020000000000000004,5000,0.5959784472426871
10,20,1.0,0.7333333333333333,0.01,1000,0.5974957275444701
10,20,1.0,0.7333333333333333,0.08,1000,0.5453170076136861
10,20,1.0,0.7333333333333333,0.020000000000000004,1000,0.5779071307585564
10,20,1.0,0.5222222222222223,0.06000000000000001,1000,0.5318805889065694
10,20,1.0,0.7333333333333333,0.05000000000000001,5000,0.5965294461397502
10,20,1.0,0.5222222222222223,0.1,5000,0.5694803388735352
10,20,1.0,0.7333333333333333,0.1,1000,0.4933433856947104
10,20,1.0,0.5222222222222223,0.08,1000,0.5301446861164113
10,20,1.0,0.7333333333333333,0.1,500,0.43427898018108424
10,20,1.0,0.5222222222222223,0.06000000000000001,5000,0.5665706302166857
10,20,1.0,0.9444444444444444,0.01,500,0.5328972388310025
10,20,1.0,0.7333333333333333,0.1,5000,0.5979064852208389
10,20,1.0,0.7333333333333333,0.06000000000000001,5000,0.5932161208116457
10,20,1.0,0.9444444444444444,0.030000000000000006,1000,0.58628267566426
10,20,1.0,0.7333333333333333,0.08,500,0.4556766276979599
10,20,1.0,0.7333333333333333,0.09000000000000001,500,0.4370849897892037
10,20,1.0,0.7333333333333333,0.07,5000,0.5911152126013586
10,20,1.0,0.7333333333333333,0.030000000000000006,500,0.47852272840099347
10,20,1.0,0.9444444444444444,0.04000000000000001,1000,0.5751252781693976
10,20,1.0,0.5222222222222223,0.08,5000,0.5722174678629485
10,20,1.0,0.7333333333333333,0.09000000000000001,5000,0.5974459500434228
10,20,1.0,0.9444444444444444,0.020000000000000004,5000,0.6041898471586247
10,20,1.0,0.9444444444444444,0.020000000000000004,1000,0.5711992274778506
10,20,1.0,0.9444444444444444,0.08,500,0.4673162184215524
10,20,1.0,0.9444444444444444,0.01,1000,0.589404189029218
10,20,1.0,0.9444444444444444,0.05000000000000001,5000,0.6073686574730843
10,20,1.0,0.9444444444444444,0.06000000000000001,1000,0.5624944245168031
10,20,1.0,0.9444444444444444,0.07,500,0.4671935393440506
10,20,1.0,0.9444444444444444,0.08,1000,0.5694364542918282
10,20,1.0,0.9444444444444444,0.09000000000000001,500,0.47170063393175826
10,20,1.0,0.9444444444444444,0.05000000000000001,500,0.48990975552955157
